#Sample	GuideName	GuideSequence
Tcell-D3-2-n1	MTOR-G49	AGGTAGGATCTTCAGGCTCC
Tcell-D3-4-n1	MTOR-G54	GGATCTTCAGGCTCCTGGCA
Tcell-D3-6-n1	ATG5-I2A-824	GCACCGAGTAGTACCACTTG
Tcell-D3-7-n1	Control	na
Tcell-D3-2-n2	MTOR-G49	AGGTAGGATCTTCAGGCTCC
Tcell-D3-4-n2	MTOR-G54	GGATCTTCAGGCTCCTGGCA
Tcell-D3-6-n2	ATG5-I2A-824	GCACCGAGTAGTACCACTTG
Tcell-D3-7-n2	Control	na
Tcell-D14-2-n2	MTOR-G49	AGGTAGGATCTTCAGGCTCC
Tcell-D14-4-n2	MTOR-G54	GGATCTTCAGGCTCCTGGCA
Tcell-D14-6-n2	ATG5-I2A-824	GCACCGAGTAGTACCACTTG
Tcell-D14-7-n2	Control	na
K562-D3-1	Control	na
K562-D3-3	MTOR-G49	AGGTAGGATCTTCAGGCTCC
K562-D3-5	MTOR-G54	GGATCTTCAGGCTCCTGGCA
K562-D3-7	ATG5-I2A-824	GCACCGAGTAGTACCACTTG
